"s"	"review"	"id"	"category"
"http://data.linkedevents.org/location/ce6f53b4-cd25-4dfd-991f-8ea322f5af10/review/18142329-ecd6-4a77-9e2b-91da75294ec7"	"Good food."	"https://www.foursquare.com/v/antica-trattoria-del-gallo/4bb728b3941ad13a895420e3"	"http://data.linkedevents.org/kos/3cixty/italianrestaurant"
"http://data.linkedevents.org/location/ce6f53b4-cd25-4dfd-991f-8ea322f5af10/review/18142329-ecd6-4a77-9e2b-91da75294ec7"	"Good food."	"https://www.foursquare.com/v/antica-trattoria-del-gallo/4bb728b3941ad13a895420e3"	"http://data.linkedevents.org/kos/foursquare/italianrestaurant"
"http://data.linkedevents.org/location/ce6f53b4-cd25-4dfd-991f-8ea322f5af10/review/1eb0126c-5514-4ff0-b258-cf938786a28d"	"The specialty? and &#39;chicken devilled &quot;"	"https://www.foursquare.com/v/antica-trattoria-del-gallo/4bb728b3941ad13a895420e3"	"http://data.linkedevents.org/kos/3cixty/italianrestaurant"
"http://data.linkedevents.org/location/ce6f53b4-cd25-4dfd-991f-8ea322f5af10/review/1eb0126c-5514-4ff0-b258-cf938786a28d"	"The specialty? and &#39;chicken devilled &quot;"	"https://www.foursquare.com/v/antica-trattoria-del-gallo/4bb728b3941ad13a895420e3"	"http://data.linkedevents.org/kos/foursquare/italianrestaurant"
"http://data.linkedevents.org/location/ce6f53b4-cd25-4dfd-991f-8ea322f5af10/review/33d403f3-ad63-45fb-a26b-b4f7f5b69a03"	"Very good !! &quot;"	"https://www.foursquare.com/v/antica-trattoria-del-gallo/4bb728b3941ad13a895420e3"	"http://data.linkedevents.org/kos/3cixty/italianrestaurant"
"http://data.linkedevents.org/location/ce6f53b4-cd25-4dfd-991f-8ea322f5af10/review/33d403f3-ad63-45fb-a26b-b4f7f5b69a03"	"Very good !! &quot;"	"https://www.foursquare.com/v/antica-trattoria-del-gallo/4bb728b3941ad13a895420e3"	"http://data.linkedevents.org/kos/foursquare/italianrestaurant"
"http://data.linkedevents.org/location/ce6f53b4-cd25-4dfd-991f-8ea322f5af10/review/4fe9403c-a711-43ce-a8ec-659df59c8996"	"Price / quality? not great &quot;"	"https://www.foursquare.com/v/antica-trattoria-del-gallo/4bb728b3941ad13a895420e3"	"http://data.linkedevents.org/kos/3cixty/italianrestaurant"
"http://data.linkedevents.org/location/ce6f53b4-cd25-4dfd-991f-8ea322f5af10/review/4fe9403c-a711-43ce-a8ec-659df59c8996"	"Price / quality? not great &quot;"	"https://www.foursquare.com/v/antica-trattoria-del-gallo/4bb728b3941ad13a895420e3"	"http://data.linkedevents.org/kos/foursquare/italianrestaurant"
"http://data.linkedevents.org/location/ce6f53b4-cd25-4dfd-991f-8ea322f5af10/review/615357bb-b1d4-4aca-8ff1-328f13b05fed"	"The best Jamon serrano of my life &quot;"	"https://www.foursquare.com/v/antica-trattoria-del-gallo/4bb728b3941ad13a895420e3"	"http://data.linkedevents.org/kos/3cixty/italianrestaurant"
"http://data.linkedevents.org/location/ce6f53b4-cd25-4dfd-991f-8ea322f5af10/review/615357bb-b1d4-4aca-8ff1-328f13b05fed"	"The best Jamon serrano of my life &quot;"	"https://www.foursquare.com/v/antica-trattoria-del-gallo/4bb728b3941ad13a895420e3"	"http://data.linkedevents.org/kos/foursquare/italianrestaurant"
"http://data.linkedevents.org/location/ce6f53b4-cd25-4dfd-991f-8ea322f5af10/review/6a89184e-6c11-49e2-8363-6586c2ffb115"	"Prices pi? higher than in Milan center, and we are in the country: one slice of tarte tatin 10 euro. A Quality normal. Bad service. &quot;"	"https://www.foursquare.com/v/antica-trattoria-del-gallo/4bb728b3941ad13a895420e3"	"http://data.linkedevents.org/kos/3cixty/italianrestaurant"
"http://data.linkedevents.org/location/ce6f53b4-cd25-4dfd-991f-8ea322f5af10/review/6a89184e-6c11-49e2-8363-6586c2ffb115"	"Prices pi? higher than in Milan center, and we are in the country: one slice of tarte tatin 10 euro. A Quality normal. Bad service. &quot;"	"https://www.foursquare.com/v/antica-trattoria-del-gallo/4bb728b3941ad13a895420e3"	"http://data.linkedevents.org/kos/foursquare/italianrestaurant"
"http://data.linkedevents.org/location/ce6f53b4-cd25-4dfd-991f-8ea322f5af10/review/78acce63-0b07-454b-bb62-6b5d85f6704d"	"High cutlet, french fries and sliced ??guns cream Absolutely YES !!! &quot;"	"https://www.foursquare.com/v/antica-trattoria-del-gallo/4bb728b3941ad13a895420e3"	"http://data.linkedevents.org/kos/3cixty/italianrestaurant"
"http://data.linkedevents.org/location/ce6f53b4-cd25-4dfd-991f-8ea322f5af10/review/78acce63-0b07-454b-bb62-6b5d85f6704d"	"High cutlet, french fries and sliced ??guns cream Absolutely YES !!! &quot;"	"https://www.foursquare.com/v/antica-trattoria-del-gallo/4bb728b3941ad13a895420e3"	"http://data.linkedevents.org/kos/foursquare/italianrestaurant"
"http://data.linkedevents.org/location/ce6f53b4-cd25-4dfd-991f-8ea322f5af10/review/7f4b88fc-f6cc-4c32-96fa-b18a5a5d50b7"	"Chicken? really good ... And what about the cheese selection. &quot;"	"https://www.foursquare.com/v/antica-trattoria-del-gallo/4bb728b3941ad13a895420e3"	"http://data.linkedevents.org/kos/3cixty/italianrestaurant"
"http://data.linkedevents.org/location/ce6f53b4-cd25-4dfd-991f-8ea322f5af10/review/7f4b88fc-f6cc-4c32-96fa-b18a5a5d50b7"	"Chicken? really good ... And what about the cheese selection. &quot;"	"https://www.foursquare.com/v/antica-trattoria-del-gallo/4bb728b3941ad13a895420e3"	"http://data.linkedevents.org/kos/foursquare/italianrestaurant"
"http://data.linkedevents.org/location/ce6f53b4-cd25-4dfd-991f-8ea322f5af10/review/9e049386-ff88-4800-ab39-f7e92093f380"	"And the ice cream with crunchy chocolate paid? &quot;"	"https://www.foursquare.com/v/antica-trattoria-del-gallo/4bb728b3941ad13a895420e3"	"http://data.linkedevents.org/kos/3cixty/italianrestaurant"
"http://data.linkedevents.org/location/ce6f53b4-cd25-4dfd-991f-8ea322f5af10/review/9e049386-ff88-4800-ab39-f7e92093f380"	"And the ice cream with crunchy chocolate paid? &quot;"	"https://www.foursquare.com/v/antica-trattoria-del-gallo/4bb728b3941ad13a895420e3"	"http://data.linkedevents.org/kos/foursquare/italianrestaurant"
"http://data.linkedevents.org/location/ce6f53b4-cd25-4dfd-991f-8ea322f5af10/review/9fc8a139-f70e-4ece-a11c-5bbad1399d29"	"Be guided by Paul, the quality? commodity here? queen. &quot;"	"https://www.foursquare.com/v/antica-trattoria-del-gallo/4bb728b3941ad13a895420e3"	"http://data.linkedevents.org/kos/3cixty/italianrestaurant"
"http://data.linkedevents.org/location/ce6f53b4-cd25-4dfd-991f-8ea322f5af10/review/9fc8a139-f70e-4ece-a11c-5bbad1399d29"	"Be guided by Paul, the quality? commodity here? queen. &quot;"	"https://www.foursquare.com/v/antica-trattoria-del-gallo/4bb728b3941ad13a895420e3"	"http://data.linkedevents.org/kos/foursquare/italianrestaurant"
"http://data.linkedevents.org/location/ce6f53b4-cd25-4dfd-991f-8ea322f5af10/review/e4e75c6c-c50d-4978-9e5a-752e8e6cb59f"	"To go ... and go! Rustic, Garden; friendly staff, food quality? and inspiration. The cheese flan? delicious as an appetizer. &quot;"	"https://www.foursquare.com/v/antica-trattoria-del-gallo/4bb728b3941ad13a895420e3"	"http://data.linkedevents.org/kos/3cixty/italianrestaurant"
"http://data.linkedevents.org/location/ce6f53b4-cd25-4dfd-991f-8ea322f5af10/review/e4e75c6c-c50d-4978-9e5a-752e8e6cb59f"	"To go ... and go! Rustic, Garden; friendly staff, food quality? and inspiration. The cheese flan? delicious as an appetizer. &quot;"	"https://www.foursquare.com/v/antica-trattoria-del-gallo/4bb728b3941ad13a895420e3"	"http://data.linkedevents.org/kos/foursquare/italianrestaurant"
"http://data.linkedevents.org/location/ce6f53b4-cd25-4dfd-991f-8ea322f5af10/review/f0ad5c2f-18e1-4161-9b1f-e1dfc6f33840"	"Truly exquisite the &quot;devilled chicken&quot;, also the ravioli are a kindness? !!!! &quot;"	"https://www.foursquare.com/v/antica-trattoria-del-gallo/4bb728b3941ad13a895420e3"	"http://data.linkedevents.org/kos/3cixty/italianrestaurant"
"http://data.linkedevents.org/location/ce6f53b4-cd25-4dfd-991f-8ea322f5af10/review/f0ad5c2f-18e1-4161-9b1f-e1dfc6f33840"	"Truly exquisite the &quot;devilled chicken&quot;, also the ravioli are a kindness? !!!! &quot;"	"https://www.foursquare.com/v/antica-trattoria-del-gallo/4bb728b3941ad13a895420e3"	"http://data.linkedevents.org/kos/foursquare/italianrestaurant"
"http://data.linkedevents.org/location/33893f0f-3ee6-4dce-a088-09719a1f1fbb/review/8cb522ee-088a-4f5e-8373-b2e546b855ed"	"Good food fish and meat and a lot of laughs ????? &quot;"	"https://www.foursquare.com/v/isola-fiorita/4e1f346b52b1bdc463ea394c"	"http://data.linkedevents.org/kos/3cixty/restaurant"
"http://data.linkedevents.org/location/33893f0f-3ee6-4dce-a088-09719a1f1fbb/review/8cb522ee-088a-4f5e-8373-b2e546b855ed"	"Good food fish and meat and a lot of laughs ????? &quot;"	"https://www.foursquare.com/v/isola-fiorita/4e1f346b52b1bdc463ea394c"	"http://data.linkedevents.org/kos/foursquare/restaurant"
"http://data.linkedevents.org/location/af9024a1-95f2-4106-ab34-5dca0807b359/review/52eeeb88-f5d7-442a-ad35-d075075eb615"	"Great great great stuff to eat! The price does not? down to? meat? good, all in style States &quot;"	"https://www.foursquare.com/v/road-house/4c57ac6530d82d7f337bda62"	"http://data.linkedevents.org/kos/3cixty/southernsoulfoodrestaurant"
"http://data.linkedevents.org/location/af9024a1-95f2-4106-ab34-5dca0807b359/review/52eeeb88-f5d7-442a-ad35-d075075eb615"	"Great great great stuff to eat! The price does not? down to? meat? good, all in style States &quot;"	"https://www.foursquare.com/v/road-house/4c57ac6530d82d7f337bda62"	"http://data.linkedevents.org/kos/foursquare/southernsoulfoodrestaurant"
"http://data.linkedevents.org/location/11846f89-29dd-4b90-ba99-077aae59721a/review/b0bde730-bf3d-4a0e-899a-cdd98fa014e7"	"B&#39;appetito &quot;"	"https://www.foursquare.com/v/the-silvanas-house/4c86816bd34ca143a97c5080"	"http://data.linkedevents.org/kos/3cixty/homeprivate"
"http://data.linkedevents.org/location/11846f89-29dd-4b90-ba99-077aae59721a/review/b0bde730-bf3d-4a0e-899a-cdd98fa014e7"	"B&#39;appetito &quot;"	"https://www.foursquare.com/v/the-silvanas-house/4c86816bd34ca143a97c5080"	"http://data.linkedevents.org/kos/foursquare/homeprivate"
"http://data.linkedevents.org/location/215b2c1e-5b2e-4af5-9c31-883dc9e29e8e/review/846b33aa-5a86-4dcf-8166-d52e1cf0fb88"	"Si sleeping ^^ &quot;"	"https://www.foursquare.com/v/master-gs-crib/4d53c7563d7354818a354052"	"http://data.linkedevents.org/kos/3cixty/homeprivate"
"http://data.linkedevents.org/location/215b2c1e-5b2e-4af5-9c31-883dc9e29e8e/review/846b33aa-5a86-4dcf-8166-d52e1cf0fb88"	"Si sleeping ^^ &quot;"	"https://www.foursquare.com/v/master-gs-crib/4d53c7563d7354818a354052"	"http://data.linkedevents.org/kos/foursquare/homeprivate"
"http://data.linkedevents.org/location/d719a824-e867-401d-94bd-85cded3f19f4/review/9131882e-b3be-46c7-9a3b-92c8347eb45a"	"Fai Benza e vaiiiiiiiiii !!! &quot;"	"https://www.foursquare.com/v/agip/4e65f9e4b993678bb8206c67"	"http://data.linkedevents.org/kos/3cixty/gasstationgarage"
"http://data.linkedevents.org/location/d719a824-e867-401d-94bd-85cded3f19f4/review/9131882e-b3be-46c7-9a3b-92c8347eb45a"	"Fai Benza e vaiiiiiiiiii !!! &quot;"	"https://www.foursquare.com/v/agip/4e65f9e4b993678bb8206c67"	"http://data.linkedevents.org/kos/foursquare/gasstationgarage"
"http://data.linkedevents.org/location/d719a824-e867-401d-94bd-85cded3f19f4/review/f9ce49e6-f1ba-43fa-9add-581d95dd284c"	"remember to download the Benz !!! &quot;"	"https://www.foursquare.com/v/agip/4e65f9e4b993678bb8206c67"	"http://data.linkedevents.org/kos/3cixty/gasstationgarage"
"http://data.linkedevents.org/location/d719a824-e867-401d-94bd-85cded3f19f4/review/f9ce49e6-f1ba-43fa-9add-581d95dd284c"	"remember to download the Benz !!! &quot;"	"https://www.foursquare.com/v/agip/4e65f9e4b993678bb8206c67"	"http://data.linkedevents.org/kos/foursquare/gasstationgarage"
"http://data.linkedevents.org/location/0e020d9b-c411-4e4c-8615-aae11df5ee55/review/fee3363c-0509-475b-878a-5854300eee50"	"A modern plant cheap especially for courses of children. Even the instructors are very prepared &quot;"	"https://www.foursquare.com/v/piscina-comunale-rozzano/4f68dd5be4b053c5172ca9b0"	"http://data.linkedevents.org/kos/3cixty/pool"
"http://data.linkedevents.org/location/0e020d9b-c411-4e4c-8615-aae11df5ee55/review/fee3363c-0509-475b-878a-5854300eee50"	"A modern plant cheap especially for courses of children. Even the instructors are very prepared &quot;"	"https://www.foursquare.com/v/piscina-comunale-rozzano/4f68dd5be4b053c5172ca9b0"	"http://data.linkedevents.org/kos/foursquare/pool"
"http://data.linkedevents.org/location/384ae242-b39a-456e-abbe-71adc83b87af/review/936dbefb-82cb-4f8e-9b34-5adcfd8f6ef1"	"The water? always pleasantly warm and clean. Not too crowded at lunch. The locker rooms are also clean and the staff friendly and helpful. &quot;"	"https://www.foursquare.com/v/centro-sportivo-ama/4bd6d1f67b1876b01a078d86"	"http://data.linkedevents.org/kos/foursquare/pool"
"http://data.linkedevents.org/location/384ae242-b39a-456e-abbe-71adc83b87af/review/e27a5d1e-da5e-4988-ae19-90746dcd1a14"	"Nice pool with sauna and fitness center. Clean and not too crowded at lunch. &quot;"	"https://www.foursquare.com/v/centro-sportivo-ama/4bd6d1f67b1876b01a078d86"	"http://data.linkedevents.org/kos/foursquare/pool"
"http://data.linkedevents.org/location/44664587-379f-4220-9572-146f39db4224/review/0774b2e3-6232-48f5-8418-91643d895a29"	"Meeting point the Pontesestesi. &quot;"	"https://www.foursquare.com/v/gelateria-ponte-sesto/4e35bccdc65b2313e2910340"	"http://data.linkedevents.org/kos/3cixty/cupcakeshop"
"http://data.linkedevents.org/location/44664587-379f-4220-9572-146f39db4224/review/0774b2e3-6232-48f5-8418-91643d895a29"	"Meeting point the Pontesestesi. &quot;"	"https://www.foursquare.com/v/gelateria-ponte-sesto/4e35bccdc65b2313e2910340"	"http://data.linkedevents.org/kos/foursquare/cupcakeshop"
"http://data.linkedevents.org/location/5c2124ac-c9e7-47eb-b8da-982dd2408036/review/8a9a7a1b-9b40-4f87-b38d-36a2e24fbd9c"	"Pizza? very bad! &quot;"	"https://www.foursquare.com/v/nardin/501d66e1e4b04798bbe35aa5"	"http://data.linkedevents.org/kos/3cixty/pizzaplace"
"http://data.linkedevents.org/location/5c2124ac-c9e7-47eb-b8da-982dd2408036/review/8a9a7a1b-9b40-4f87-b38d-36a2e24fbd9c"	"Pizza? very bad! &quot;"	"https://www.foursquare.com/v/nardin/501d66e1e4b04798bbe35aa5"	"http://data.linkedevents.org/kos/foursquare/pizzaplace"
"http://data.linkedevents.org/location/fba9247b-8eb0-413f-86aa-c192b3801520/review/9e487650-d99b-4c2f-bb7c-5878e3c2a10b"	"A good company &quot;"	"https://www.foursquare.com/v/oratorio-ponte-sesto/4f5b9de7e4b0cfc5e0f7e3a9"	"http://data.linkedevents.org/kos/foursquare/church"
"http://data.linkedevents.org/location/197021fb-8e13-4e65-817c-c9c7b0ce2878/review/ea108c6b-cfa6-4f1f-8ca6-570b05e0a945"	"Following my son in his passion, I'm able to discover very hidden football fields"	"https://www.foursquare.com/v/oratorio-via-dante-25/526d362811d27d0e9bd9d1d9"	"http://data.linkedevents.org/kos/foursquare/soccerfield"
"http://data.linkedevents.org/location/88e9bd10-b438-43a9-af88-d3548482281f/review/49401c9e-bef1-4f6b-9266-8c062fc2a82f"	"Pizza and pasta dishes not bad. Council pizza Mediterranea &quot;"	"https://www.foursquare.com/v/peccati-di-gola-2-opera-milano/4d3dd968d2c8f04db7d26d72"	"http://data.linkedevents.org/kos/3cixty/pizzaplace"
"http://data.linkedevents.org/location/88e9bd10-b438-43a9-af88-d3548482281f/review/49401c9e-bef1-4f6b-9266-8c062fc2a82f"	"Pizza and pasta dishes not bad. Council pizza Mediterranea &quot;"	"https://www.foursquare.com/v/peccati-di-gola-2-opera-milano/4d3dd968d2c8f04db7d26d72"	"http://data.linkedevents.org/kos/foursquare/pizzaplace"
"http://data.linkedevents.org/location/e0e90734-1403-466f-955e-bcd8de21cd61/review/1b9a6508-936c-4472-92e6-682e705a814f"	"Small cinema. Low price (6:50?) Good films, but poor management, bad screen, good quality? audio &quot;"	"https://www.foursquare.com/v/cinema-teatro-eduardo/5102e29be4b00e3873b0372a"	"http://data.linkedevents.org/kos/foursquare/theater"
"http://data.linkedevents.org/location/e0e90734-1403-466f-955e-bcd8de21cd61/review/250ac960-7e83-4f41-a37f-25df359ddc91"	"A movie theater that? a small gem, with a selection of quality films? at a low price and quality? audio / video analog. &quot;"	"https://www.foursquare.com/v/cinema-teatro-eduardo/5102e29be4b00e3873b0372a"	"http://data.linkedevents.org/kos/foursquare/theater"
"http://data.linkedevents.org/location/07a1d663-9a5c-4a23-9e77-986d258d090e/review/478784ad-3777-46fd-8268-9740ae712966"	"The best Gnocchi I have ever had with Gambas (Shrimps). The Sea Food salad is a starter is also perfect."	"https://www.foursquare.com/v/lo-zodiaco/4e70fe4a7d8b21fe9d847d6a"	"http://data.linkedevents.org/kos/3cixty/italianrestaurant"
"http://data.linkedevents.org/location/07a1d663-9a5c-4a23-9e77-986d258d090e/review/478784ad-3777-46fd-8268-9740ae712966"	"The best Gnocchi I have ever had with Gambas (Shrimps). The Sea Food salad is a starter is also perfect."	"https://www.foursquare.com/v/lo-zodiaco/4e70fe4a7d8b21fe9d847d6a"	"http://data.linkedevents.org/kos/foursquare/italianrestaurant"
"http://data.linkedevents.org/location/07a1d663-9a5c-4a23-9e77-986d258d090e/review/5ff067dc-4bb4-4b8a-a503-906b87e73be3"	"Fish really good !! And friendly staff. &quot;"	"https://www.foursquare.com/v/lo-zodiaco/4e70fe4a7d8b21fe9d847d6a"	"http://data.linkedevents.org/kos/3cixty/italianrestaurant"
"http://data.linkedevents.org/location/07a1d663-9a5c-4a23-9e77-986d258d090e/review/5ff067dc-4bb4-4b8a-a503-906b87e73be3"	"Fish really good !! And friendly staff. &quot;"	"https://www.foursquare.com/v/lo-zodiaco/4e70fe4a7d8b21fe9d847d6a"	"http://data.linkedevents.org/kos/foursquare/italianrestaurant"
"http://data.linkedevents.org/location/07a1d663-9a5c-4a23-9e77-986d258d090e/review/caf90005-d5ea-4755-bd51-c6a8a2ca5a63"	"Try the Pici Senesi At Peasant With Sausage And Cream Truffle - #salsiccia #tartufo &quot;"	"https://www.foursquare.com/v/lo-zodiaco/4e70fe4a7d8b21fe9d847d6a"	"http://data.linkedevents.org/kos/3cixty/italianrestaurant"
"http://data.linkedevents.org/location/07a1d663-9a5c-4a23-9e77-986d258d090e/review/caf90005-d5ea-4755-bd51-c6a8a2ca5a63"	"Try the Pici Senesi At Peasant With Sausage And Cream Truffle - #salsiccia #tartufo &quot;"	"https://www.foursquare.com/v/lo-zodiaco/4e70fe4a7d8b21fe9d847d6a"	"http://data.linkedevents.org/kos/foursquare/italianrestaurant"
"http://data.linkedevents.org/location/0b6114f3-388b-4879-9f09-423d73b1d104/review/f5328524-9325-4f36-b37b-87b30e5f5c17"	"Our nest &quot;"	"https://www.foursquare.com/v/casa-lule/4f0154b9c5126f14b8d99d7f"	"http://data.linkedevents.org/kos/3cixty/homeprivate"
"http://data.linkedevents.org/location/0b6114f3-388b-4879-9f09-423d73b1d104/review/f5328524-9325-4f36-b37b-87b30e5f5c17"	"Our nest &quot;"	"https://www.foursquare.com/v/casa-lule/4f0154b9c5126f14b8d99d7f"	"http://data.linkedevents.org/kos/foursquare/homeprivate"
"http://data.linkedevents.org/location/885bb4b3-baf6-4c2c-83b4-d71b06991670/review/1600fde0-da77-4377-8f66-dfc452fff063"	"New course from November 2011 Volunteers &quot;"	"https://www.foursquare.com/v/croce-rossa-italiana/4e6f8db68998fd5c56b518cd"	"http://data.linkedevents.org/kos/foursquare/emergencyroom"
"http://data.linkedevents.org/location/f2150946-de6c-4186-9d4b-4423d4819d95/review/07545a19-cc4f-454f-847b-4f6a0f103c8b"	"Want to delight in photography come to the course that I am organizing! &quot;"	"https://www.foursquare.com/v/opera/4db594184df05e5aaaf53425"	"http://data.linkedevents.org/kos/foursquare/city"
"http://data.linkedevents.org/location/f2150946-de6c-4186-9d4b-4423d4819d95/review/0f2144fe-72b0-4cf0-b5ad-77cc9ad6ea75"	"Country in the green, quiet, easy to reach by public transport. &quot;"	"https://www.foursquare.com/v/opera/4db594184df05e5aaaf53425"	"http://data.linkedevents.org/kos/foursquare/city"
"http://data.linkedevents.org/location/f2150946-de6c-4186-9d4b-4423d4819d95/review/4a6dd2a4-2423-46ae-8d5f-4398b7de180f"	"Need a photographer? Call GN Photography! &quot;"	"https://www.foursquare.com/v/opera/4db594184df05e5aaaf53425"	"http://data.linkedevents.org/kos/foursquare/city"
"http://data.linkedevents.org/location/f2150946-de6c-4186-9d4b-4423d4819d95/review/acb2d9e7-5db7-48a0-ac2a-54dfd9fcc491"	"Great ice cream in Via Manzoni !! &quot;"	"https://www.foursquare.com/v/opera/4db594184df05e5aaaf53425"	"http://data.linkedevents.org/kos/foursquare/city"
"http://data.linkedevents.org/location/f6edd152-c316-4913-9800-b45dfd3d57f6/review/18d46075-850e-4a6b-b44e-c440e206df24"	"Pizzeria.Pizza very good. &quot;"	"https://www.foursquare.com/v/santa-maria/53e5071a498ee2c09742e9d0"	"http://data.linkedevents.org/kos/3cixty/pizzaplace"
"http://data.linkedevents.org/location/f6edd152-c316-4913-9800-b45dfd3d57f6/review/18d46075-850e-4a6b-b44e-c440e206df24"	"Pizzeria.Pizza very good. &quot;"	"https://www.foursquare.com/v/santa-maria/53e5071a498ee2c09742e9d0"	"http://data.linkedevents.org/kos/foursquare/pizzaplace"
"http://data.linkedevents.org/location/d1e8c5fc-ce40-46f8-a30e-d9f2ec99d592/review/3fb1b66b-ac35-4729-8a62-bac7d7050ca5"	"relax in the open and mosquitoes; P &quot;"	"https://www.foursquare.com/v/parco-bosco-in-citt%C3%A0-opera/4de25cf118385df2b02157a8"	"http://data.linkedevents.org/kos/3cixty/park"
"http://data.linkedevents.org/location/d1e8c5fc-ce40-46f8-a30e-d9f2ec99d592/review/3fb1b66b-ac35-4729-8a62-bac7d7050ca5"	"relax in the open and mosquitoes; P &quot;"	"https://www.foursquare.com/v/parco-bosco-in-citt%C3%A0-opera/4de25cf118385df2b02157a8"	"http://data.linkedevents.org/kos/foursquare/park"
"http://data.linkedevents.org/location/252a0314-269c-41bc-89fa-2789204f3f16/review/40fa931f-fed8-4a9b-b8cd-c0d8b28695a2"	"Great coffee &#39;, of course. &quot;"	"https://www.foursquare.com/v/la-bottega-del-caff%C3%A8/4efc36919911cd89d0b17a4e"	"http://data.linkedevents.org/kos/3cixty/coffeeshop"
"http://data.linkedevents.org/location/252a0314-269c-41bc-89fa-2789204f3f16/review/40fa931f-fed8-4a9b-b8cd-c0d8b28695a2"	"Great coffee &#39;, of course. &quot;"	"https://www.foursquare.com/v/la-bottega-del-caff%C3%A8/4efc36919911cd89d0b17a4e"	"http://data.linkedevents.org/kos/foursquare/coffeeshop"
"http://data.linkedevents.org/location/252a0314-269c-41bc-89fa-2789204f3f16/review/9ddf562b-d411-4e9e-a75f-dc78a7ab1bc3"	"Inside the mall? the best coffee ?. Drinks are &quot;golosini&quot;! &quot;"	"https://www.foursquare.com/v/la-bottega-del-caff%C3%A8/4efc36919911cd89d0b17a4e"	"http://data.linkedevents.org/kos/3cixty/coffeeshop"
"http://data.linkedevents.org/location/252a0314-269c-41bc-89fa-2789204f3f16/review/9ddf562b-d411-4e9e-a75f-dc78a7ab1bc3"	"Inside the mall? the best coffee ?. Drinks are &quot;golosini&quot;! &quot;"	"https://www.foursquare.com/v/la-bottega-del-caff%C3%A8/4efc36919911cd89d0b17a4e"	"http://data.linkedevents.org/kos/foursquare/coffeeshop"
"http://data.linkedevents.org/location/31cae939-4d14-48fe-94fd-0c54d41ed2ab/review/0f230add-b35e-45b4-8860-a34e1202e203"	"Chicken chicken is really good. It is a new style in Milano were fast food is not a culture. The chicken quality is really good. Kids area is a great idea"	"https://www.foursquare.com/v/chickenchicken/51757375e4b0bbda35bf604e"	"http://data.linkedevents.org/kos/3cixty/fastfoodrestaurant"
"http://data.linkedevents.org/location/31cae939-4d14-48fe-94fd-0c54d41ed2ab/review/0f230add-b35e-45b4-8860-a34e1202e203"	"Chicken chicken is really good. It is a new style in Milano were fast food is not a culture. The chicken quality is really good. Kids area is a great idea"	"https://www.foursquare.com/v/chickenchicken/51757375e4b0bbda35bf604e"	"http://data.linkedevents.org/kos/foursquare/fastfoodrestaurant"
"http://data.linkedevents.org/location/31cae939-4d14-48fe-94fd-0c54d41ed2ab/review/4cd34cc7-de96-4374-8c3f-57c9d2670bcd"	"Slow slow slow &quot;"	"https://www.foursquare.com/v/chickenchicken/51757375e4b0bbda35bf604e"	"http://data.linkedevents.org/kos/3cixty/fastfoodrestaurant"
"http://data.linkedevents.org/location/31cae939-4d14-48fe-94fd-0c54d41ed2ab/review/4cd34cc7-de96-4374-8c3f-57c9d2670bcd"	"Slow slow slow &quot;"	"https://www.foursquare.com/v/chickenchicken/51757375e4b0bbda35bf604e"	"http://data.linkedevents.org/kos/foursquare/fastfoodrestaurant"
"http://data.linkedevents.org/location/31cae939-4d14-48fe-94fd-0c54d41ed2ab/review/c0c0619e-9b08-4097-ba71-854fc37639d9"	"Not the massimopollo too greasy and fat ........ &quot;"	"https://www.foursquare.com/v/chickenchicken/51757375e4b0bbda35bf604e"	"http://data.linkedevents.org/kos/3cixty/fastfoodrestaurant"
"http://data.linkedevents.org/location/31cae939-4d14-48fe-94fd-0c54d41ed2ab/review/c0c0619e-9b08-4097-ba71-854fc37639d9"	"Not the massimopollo too greasy and fat ........ &quot;"	"https://www.foursquare.com/v/chickenchicken/51757375e4b0bbda35bf604e"	"http://data.linkedevents.org/kos/foursquare/fastfoodrestaurant"
"http://data.linkedevents.org/location/36c159a1-de11-4988-a057-69f980ba8b51/review/991a51be-6190-4229-92f4-e4a1c987c0ce"	"Economic good clean &quot;"	"https://www.foursquare.com/v/kiko-san-giuliano/4fe98e37e4b030e427244afc"	"http://data.linkedevents.org/kos/3cixty/asianrestaurant"
"http://data.linkedevents.org/location/36c159a1-de11-4988-a057-69f980ba8b51/review/991a51be-6190-4229-92f4-e4a1c987c0ce"	"Economic good clean &quot;"	"https://www.foursquare.com/v/kiko-san-giuliano/4fe98e37e4b030e427244afc"	"http://data.linkedevents.org/kos/foursquare/asianrestaurant"
"http://data.linkedevents.org/location/58d1d991-b068-4d88-ae6e-bd3a8743e029/review/097efa2d-f638-4654-af46-06a7fb43b28d"	"Usual stuff that sucks !!! &quot;"	"https://www.foursquare.com/v/centro-commerciale-le-cupole/4c24e3f4f1272d7f9bca83c5"	"http://data.linkedevents.org/kos/3cixty/mall"
"http://data.linkedevents.org/location/58d1d991-b068-4d88-ae6e-bd3a8743e029/review/097efa2d-f638-4654-af46-06a7fb43b28d"	"Usual stuff that sucks !!! &quot;"	"https://www.foursquare.com/v/centro-commerciale-le-cupole/4c24e3f4f1272d7f9bca83c5"	"http://data.linkedevents.org/kos/foursquare/mall"
"http://data.linkedevents.org/location/58d1d991-b068-4d88-ae6e-bd3a8743e029/review/12769af5-b12a-45fb-80b0-d34c9633a2f6"	"From Flax&#39;s coffe c &#39;? Wifi free:-) &quot;"	"https://www.foursquare.com/v/centro-commerciale-le-cupole/4c24e3f4f1272d7f9bca83c5"	"http://data.linkedevents.org/kos/3cixty/mall"
"http://data.linkedevents.org/location/58d1d991-b068-4d88-ae6e-bd3a8743e029/review/12769af5-b12a-45fb-80b0-d34c9633a2f6"	"From Flax&#39;s coffe c &#39;? Wifi free:-) &quot;"	"https://www.foursquare.com/v/centro-commerciale-le-cupole/4c24e3f4f1272d7f9bca83c5"	"http://data.linkedevents.org/kos/foursquare/mall"
"http://data.linkedevents.org/location/58d1d991-b068-4d88-ae6e-bd3a8743e029/review/3585f338-b43c-4cf7-8f60-6d39858281da"	"Ha riaperto il kaiten sushi &quot;"	"https://www.foursquare.com/v/centro-commerciale-le-cupole/4c24e3f4f1272d7f9bca83c5"	"http://data.linkedevents.org/kos/3cixty/mall"
"http://data.linkedevents.org/location/58d1d991-b068-4d88-ae6e-bd3a8743e029/review/3585f338-b43c-4cf7-8f60-6d39858281da"	"Ha riaperto il kaiten sushi &quot;"	"https://www.foursquare.com/v/centro-commerciale-le-cupole/4c24e3f4f1272d7f9bca83c5"	"http://data.linkedevents.org/kos/foursquare/mall"
"http://data.linkedevents.org/location/58d1d991-b068-4d88-ae6e-bd3a8743e029/review/5f5d6ecf-0841-4d67-b930-fb138680659d"	"There &#39;everything. Not bad. &quot;"	"https://www.foursquare.com/v/centro-commerciale-le-cupole/4c24e3f4f1272d7f9bca83c5"	"http://data.linkedevents.org/kos/3cixty/mall"
"http://data.linkedevents.org/location/58d1d991-b068-4d88-ae6e-bd3a8743e029/review/5f5d6ecf-0841-4d67-b930-fb138680659d"	"There &#39;everything. Not bad. &quot;"	"https://www.foursquare.com/v/centro-commerciale-le-cupole/4c24e3f4f1272d7f9bca83c5"	"http://data.linkedevents.org/kos/foursquare/mall"
"http://data.linkedevents.org/location/58d1d991-b068-4d88-ae6e-bd3a8743e029/review/7075e449-eac0-4cd7-a8c6-eb5ec49a974e"	"Equipped with various fast food (also MC), solarium, expert, toys center, gamesbond, footlocker, co import, maisons du monde and various other shops! &quot;"	"https://www.foursquare.com/v/centro-commerciale-le-cupole/4c24e3f4f1272d7f9bca83c5"	"http://data.linkedevents.org/kos/3cixty/mall"
"http://data.linkedevents.org/location/58d1d991-b068-4d88-ae6e-bd3a8743e029/review/7075e449-eac0-4cd7-a8c6-eb5ec49a974e"	"Equipped with various fast food (also MC), solarium, expert, toys center, gamesbond, footlocker, co import, maisons du monde and various other shops! &quot;"	"https://www.foursquare.com/v/centro-commerciale-le-cupole/4c24e3f4f1272d7f9bca83c5"	"http://data.linkedevents.org/kos/foursquare/mall"
"http://data.linkedevents.org/location/58d1d991-b068-4d88-ae6e-bd3a8743e029/review/750c1a8e-716a-4b0d-a6b1-edb509090f4b"	"Practically I go there just for a walk ... &quot;"	"https://www.foursquare.com/v/centro-commerciale-le-cupole/4c24e3f4f1272d7f9bca83c5"	"http://data.linkedevents.org/kos/3cixty/mall"
"http://data.linkedevents.org/location/58d1d991-b068-4d88-ae6e-bd3a8743e029/review/750c1a8e-716a-4b0d-a6b1-edb509090f4b"	"Practically I go there just for a walk ... &quot;"	"https://www.foursquare.com/v/centro-commerciale-le-cupole/4c24e3f4f1272d7f9bca83c5"	"http://data.linkedevents.org/kos/foursquare/mall"
"http://data.linkedevents.org/location/58d1d991-b068-4d88-ae6e-bd3a8743e029/review/82a99212-77de-4ad9-83e3-a4de4c963848"	"But for 15 minutes by metro, you should go downtown ??? &quot;"	"https://www.foursquare.com/v/centro-commerciale-le-cupole/4c24e3f4f1272d7f9bca83c5"	"http://data.linkedevents.org/kos/3cixty/mall"
"http://data.linkedevents.org/location/58d1d991-b068-4d88-ae6e-bd3a8743e029/review/82a99212-77de-4ad9-83e3-a4de4c963848"	"But for 15 minutes by metro, you should go downtown ??? &quot;"	"https://www.foursquare.com/v/centro-commerciale-le-cupole/4c24e3f4f1272d7f9bca83c5"	"http://data.linkedevents.org/kos/foursquare/mall"
"http://data.linkedevents.org/location/58d1d991-b068-4d88-ae6e-bd3a8743e029/review/8a730626-b407-4595-b0b3-a85d3497553f"	"Try menu B5 at Kikko Kaiten, you can ask for fresh fruit instead of rice puding"	"https://www.foursquare.com/v/centro-commerciale-le-cupole/4c24e3f4f1272d7f9bca83c5"	"http://data.linkedevents.org/kos/3cixty/mall"
"http://data.linkedevents.org/location/58d1d991-b068-4d88-ae6e-bd3a8743e029/review/8a730626-b407-4595-b0b3-a85d3497553f"	"Try menu B5 at Kikko Kaiten, you can ask for fresh fruit instead of rice puding"	"https://www.foursquare.com/v/centro-commerciale-le-cupole/4c24e3f4f1272d7f9bca83c5"	"http://data.linkedevents.org/kos/foursquare/mall"
"http://data.linkedevents.org/location/58d1d991-b068-4d88-ae6e-bd3a8743e029/review/dfb314db-cd58-4216-a28d-37dbebc41261"	"We work:-))) &quot;"	"https://www.foursquare.com/v/centro-commerciale-le-cupole/4c24e3f4f1272d7f9bca83c5"	"http://data.linkedevents.org/kos/3cixty/mall"
"http://data.linkedevents.org/location/58d1d991-b068-4d88-ae6e-bd3a8743e029/review/dfb314db-cd58-4216-a28d-37dbebc41261"	"We work:-))) &quot;"	"https://www.foursquare.com/v/centro-commerciale-le-cupole/4c24e3f4f1272d7f9bca83c5"	"http://data.linkedevents.org/kos/foursquare/mall"
"http://data.linkedevents.org/location/702a58fd-dbc1-4bf2-a0f4-ed0a323a02c2/review/a4444dcc-9512-40f3-8ff6-8be1fa215d13"	"Competent and helpful staff. Qualke time you run into incredibly low prices as the deals flyer + 20 shopping vouchers? every 100 ?, which then add an extra 20% to purchases: Unbeatable &quot;"	"https://www.foursquare.com/v/marcopolo-expert/4eecdf028b81bbbf5c7aec88"	"http://data.linkedevents.org/kos/3cixty/electronicsstore"
"http://data.linkedevents.org/location/702a58fd-dbc1-4bf2-a0f4-ed0a323a02c2/review/a4444dcc-9512-40f3-8ff6-8be1fa215d13"	"Competent and helpful staff. Qualke time you run into incredibly low prices as the deals flyer + 20 shopping vouchers? every 100 ?, which then add an extra 20% to purchases: Unbeatable &quot;"	"https://www.foursquare.com/v/marcopolo-expert/4eecdf028b81bbbf5c7aec88"	"http://data.linkedevents.org/kos/foursquare/electronicsstore"
"http://data.linkedevents.org/location/95813478-c3e4-4ff3-9399-79430652ee8b/review/aec48c98-334d-4925-8c63-50599899d149"	"Despite being the only possibility? eating something healthy inside the mall? dear as fire compared to that offering and quality? preparations? rather variable &quot;"	"https://www.foursquare.com/v/l-orto/505065dfe4b03b1d2d9fe354"	"http://data.linkedevents.org/kos/3cixty/italianrestaurant"
"http://data.linkedevents.org/location/95813478-c3e4-4ff3-9399-79430652ee8b/review/aec48c98-334d-4925-8c63-50599899d149"	"Despite being the only possibility? eating something healthy inside the mall? dear as fire compared to that offering and quality? preparations? rather variable &quot;"	"https://www.foursquare.com/v/l-orto/505065dfe4b03b1d2d9fe354"	"http://data.linkedevents.org/kos/foursquare/italianrestaurant"
"http://data.linkedevents.org/location/95813478-c3e4-4ff3-9399-79430652ee8b/review/f7103ebb-5046-4d5a-9d3a-3bf824f68587"	"Only place inside to eat &quot;healthy&quot; food .. the quality? leaves desired but cmq eatable .. high prices compared to the quality? hot deal ... &quot;"	"https://www.foursquare.com/v/l-orto/505065dfe4b03b1d2d9fe354"	"http://data.linkedevents.org/kos/3cixty/italianrestaurant"
"http://data.linkedevents.org/location/95813478-c3e4-4ff3-9399-79430652ee8b/review/f7103ebb-5046-4d5a-9d3a-3bf824f68587"	"Only place inside to eat &quot;healthy&quot; food .. the quality? leaves desired but cmq eatable .. high prices compared to the quality? hot deal ... &quot;"	"https://www.foursquare.com/v/l-orto/505065dfe4b03b1d2d9fe354"	"http://data.linkedevents.org/kos/foursquare/italianrestaurant"
"http://data.linkedevents.org/location/a40350b7-bc80-4d74-bcf7-5b57e9f78c22/review/6f811603-8f53-4991-8d90-c624d7cfbf67"	"The speakers have organized the single row, that &quot;should&quot; speed up payments &quot;"	"https://www.foursquare.com/v/carrefour/4c24df2af7ced13a6f89236d"	"http://data.linkedevents.org/kos/3cixty/mall"
"http://data.linkedevents.org/location/a40350b7-bc80-4d74-bcf7-5b57e9f78c22/review/6f811603-8f53-4991-8d90-c624d7cfbf67"	"The speakers have organized the single row, that &quot;should&quot; speed up payments &quot;"	"https://www.foursquare.com/v/carrefour/4c24df2af7ced13a6f89236d"	"http://data.linkedevents.org/kos/foursquare/mall"
"http://data.linkedevents.org/location/a40350b7-bc80-4d74-bcf7-5b57e9f78c22/review/b9b00af9-7cb1-445a-8204-77b634b342a8"	"disorganization absolute. single queue at the cash infinite during the week. I dare not think we in the &quot;"	"https://www.foursquare.com/v/carrefour/4c24df2af7ced13a6f89236d"	"http://data.linkedevents.org/kos/3cixty/mall"
"http://data.linkedevents.org/location/a40350b7-bc80-4d74-bcf7-5b57e9f78c22/review/b9b00af9-7cb1-445a-8204-77b634b342a8"	"disorganization absolute. single queue at the cash infinite during the week. I dare not think we in the &quot;"	"https://www.foursquare.com/v/carrefour/4c24df2af7ced13a6f89236d"	"http://data.linkedevents.org/kos/foursquare/mall"
"http://data.linkedevents.org/location/c8717da9-19c4-4570-afab-968f81556059/review/f1812fcd-fb77-43c2-b59c-d333812f5709"	"1 medium beer choice for the major &quot;"	"https://www.foursquare.com/v/pork-house/4d809bde6bd8b60c3bc64b7c"	"http://data.linkedevents.org/kos/3cixty/germanrestaurant"
"http://data.linkedevents.org/location/c8717da9-19c4-4570-afab-968f81556059/review/f1812fcd-fb77-43c2-b59c-d333812f5709"	"1 medium beer choice for the major &quot;"	"https://www.foursquare.com/v/pork-house/4d809bde6bd8b60c3bc64b7c"	"http://data.linkedevents.org/kos/foursquare/germanrestaurant"
"http://data.linkedevents.org/location/e48792ad-6764-4235-a192-19d4e8891ded/review/334f7e54-a427-436e-89c4-cff2da0a74f6"	"The mozzarillo? shameful &quot;"	"https://www.foursquare.com/v/mcdonalds-san-giuliano-milanese-mi/4d358186f8c9224b5662ccd2"	"http://data.linkedevents.org/kos/3cixty/fastfoodrestaurant"
"http://data.linkedevents.org/location/e48792ad-6764-4235-a192-19d4e8891ded/review/334f7e54-a427-436e-89c4-cff2da0a74f6"	"The mozzarillo? shameful &quot;"	"https://www.foursquare.com/v/mcdonalds-san-giuliano-milanese-mi/4d358186f8c9224b5662ccd2"	"http://data.linkedevents.org/kos/foursquare/fastfoodrestaurant"
"http://data.linkedevents.org/location/d2dba85c-f377-40c0-8af0-ba94187ac5c2/review/136c707a-38cb-4544-a775-a6049950e9dc"	"The best self-produced rice farm park south MILAN and courtesy in the old way. &quot;"	"https://www.foursquare.com/v/azienda-agricola-montano-di-francesco-galimberti/4f5345c5e4b02cf6bebc094b"	"http://data.linkedevents.org/kos/3cixty/farm"
"http://data.linkedevents.org/location/d2dba85c-f377-40c0-8af0-ba94187ac5c2/review/136c707a-38cb-4544-a775-a6049950e9dc"	"The best self-produced rice farm park south MILAN and courtesy in the old way. &quot;"	"https://www.foursquare.com/v/azienda-agricola-montano-di-francesco-galimberti/4f5345c5e4b02cf6bebc094b"	"http://data.linkedevents.org/kos/foursquare/farm"
"http://data.linkedevents.org/location/2da71a14-afb7-491c-acd0-11a2a1b29897/review/9c7a1fd4-87a4-430e-9055-c61001f9a563"	"Friendly place and good food &quot;"	"https://www.foursquare.com/v/san-pietro-cusico-osterietta/4fdb8acae4b0e74c37d306fd"	"http://data.linkedevents.org/kos/3cixty/restaurant"
"http://data.linkedevents.org/location/2da71a14-afb7-491c-acd0-11a2a1b29897/review/9c7a1fd4-87a4-430e-9055-c61001f9a563"	"Friendly place and good food &quot;"	"https://www.foursquare.com/v/san-pietro-cusico-osterietta/4fdb8acae4b0e74c37d306fd"	"http://data.linkedevents.org/kos/foursquare/restaurant"
"http://data.linkedevents.org/location/a85a67d2-c464-4665-a7b6-5a9ea0770cea/review/43de43d4-4cb2-40a2-82fb-0be5dc98b1ad"	"larded fillet ftw &quot;"	"https://www.foursquare.com/v/burlagio/4d938cae578ba09342e88f57"	"http://data.linkedevents.org/kos/3cixty/italianrestaurant"
"http://data.linkedevents.org/location/a85a67d2-c464-4665-a7b6-5a9ea0770cea/review/43de43d4-4cb2-40a2-82fb-0be5dc98b1ad"	"larded fillet ftw &quot;"	"https://www.foursquare.com/v/burlagio/4d938cae578ba09342e88f57"	"http://data.linkedevents.org/kos/3cixty/mediterraneanrestaurant"
"http://data.linkedevents.org/location/a85a67d2-c464-4665-a7b6-5a9ea0770cea/review/43de43d4-4cb2-40a2-82fb-0be5dc98b1ad"	"larded fillet ftw &quot;"	"https://www.foursquare.com/v/burlagio/4d938cae578ba09342e88f57"	"http://data.linkedevents.org/kos/foursquare/italianrestaurant"
"http://data.linkedevents.org/location/a85a67d2-c464-4665-a7b6-5a9ea0770cea/review/43de43d4-4cb2-40a2-82fb-0be5dc98b1ad"	"larded fillet ftw &quot;"	"https://www.foursquare.com/v/burlagio/4d938cae578ba09342e88f57"	"http://data.linkedevents.org/kos/foursquare/mediterraneanrestaurant"
"http://data.linkedevents.org/location/a85a67d2-c464-4665-a7b6-5a9ea0770cea/review/9e38d666-7d2b-4564-8fb2-e304c4672602"	"Do not miss the Wiener Schnitzel! Order your 1 in 2 if you ate the first ...? HUGE! &quot;"	"https://www.foursquare.com/v/burlagio/4d938cae578ba09342e88f57"	"http://data.linkedevents.org/kos/3cixty/italianrestaurant"
"http://data.linkedevents.org/location/a85a67d2-c464-4665-a7b6-5a9ea0770cea/review/9e38d666-7d2b-4564-8fb2-e304c4672602"	"Do not miss the Wiener Schnitzel! Order your 1 in 2 if you ate the first ...? HUGE! &quot;"	"https://www.foursquare.com/v/burlagio/4d938cae578ba09342e88f57"	"http://data.linkedevents.org/kos/3cixty/mediterraneanrestaurant"
"http://data.linkedevents.org/location/a85a67d2-c464-4665-a7b6-5a9ea0770cea/review/9e38d666-7d2b-4564-8fb2-e304c4672602"	"Do not miss the Wiener Schnitzel! Order your 1 in 2 if you ate the first ...? HUGE! &quot;"	"https://www.foursquare.com/v/burlagio/4d938cae578ba09342e88f57"	"http://data.linkedevents.org/kos/foursquare/italianrestaurant"
"http://data.linkedevents.org/location/a85a67d2-c464-4665-a7b6-5a9ea0770cea/review/9e38d666-7d2b-4564-8fb2-e304c4672602"	"Do not miss the Wiener Schnitzel! Order your 1 in 2 if you ate the first ...? HUGE! &quot;"	"https://www.foursquare.com/v/burlagio/4d938cae578ba09342e88f57"	"http://data.linkedevents.org/kos/foursquare/mediterraneanrestaurant"
"http://data.linkedevents.org/location/a85a67d2-c464-4665-a7b6-5a9ea0770cea/review/a6e31952-4ca7-404d-b24a-b7fc51d949e1"	"The real Wiener schnitzel! Space! &quot;"	"https://www.foursquare.com/v/burlagio/4d938cae578ba09342e88f57"	"http://data.linkedevents.org/kos/3cixty/italianrestaurant"
"http://data.linkedevents.org/location/a85a67d2-c464-4665-a7b6-5a9ea0770cea/review/a6e31952-4ca7-404d-b24a-b7fc51d949e1"	"The real Wiener schnitzel! Space! &quot;"	"https://www.foursquare.com/v/burlagio/4d938cae578ba09342e88f57"	"http://data.linkedevents.org/kos/3cixty/mediterraneanrestaurant"
"http://data.linkedevents.org/location/a85a67d2-c464-4665-a7b6-5a9ea0770cea/review/a6e31952-4ca7-404d-b24a-b7fc51d949e1"	"The real Wiener schnitzel! Space! &quot;"	"https://www.foursquare.com/v/burlagio/4d938cae578ba09342e88f57"	"http://data.linkedevents.org/kos/foursquare/italianrestaurant"
"http://data.linkedevents.org/location/a85a67d2-c464-4665-a7b6-5a9ea0770cea/review/a6e31952-4ca7-404d-b24a-b7fc51d949e1"	"The real Wiener schnitzel! Space! &quot;"	"https://www.foursquare.com/v/burlagio/4d938cae578ba09342e88f57"	"http://data.linkedevents.org/kos/foursquare/mediterraneanrestaurant"
"http://data.linkedevents.org/location/404d28f9-5523-45b4-ad7f-d374266e6c14/review/27af1462-3a8d-4729-b53e-1be31cbbb82f"	"Great tortillas &quot;"	"https://www.foursquare.com/v/colonial-caf%C3%A8/4d70d583c7f8224bd75bb5fb"	"http://data.linkedevents.org/kos/3cixty/cafe"
"http://data.linkedevents.org/location/404d28f9-5523-45b4-ad7f-d374266e6c14/review/27af1462-3a8d-4729-b53e-1be31cbbb82f"	"Great tortillas &quot;"	"https://www.foursquare.com/v/colonial-caf%C3%A8/4d70d583c7f8224bd75bb5fb"	"http://data.linkedevents.org/kos/foursquare/cafe"
"http://data.linkedevents.org/location/404d28f9-5523-45b4-ad7f-d374266e6c14/review/65f97ddd-2151-43cb-a119-bac3c7813d90"	"The food is good and the types are cortesissimi &quot;"	"https://www.foursquare.com/v/colonial-caf%C3%A8/4d70d583c7f8224bd75bb5fb"	"http://data.linkedevents.org/kos/3cixty/cafe"
"http://data.linkedevents.org/location/404d28f9-5523-45b4-ad7f-d374266e6c14/review/65f97ddd-2151-43cb-a119-bac3c7813d90"	"The food is good and the types are cortesissimi &quot;"	"https://www.foursquare.com/v/colonial-caf%C3%A8/4d70d583c7f8224bd75bb5fb"	"http://data.linkedevents.org/kos/foursquare/cafe"
"http://data.linkedevents.org/location/26e3071f-b379-43bc-84f0-cbd70e1393cd/review/fb75def2-0a21-4911-bc1b-43a19bad80b4"	"Typical tobacco bar where you can? bring lunch break. The food? good and service? fast. Customers pi? aficionados are sometimes treated with delicacies from Campania. &quot;"	"https://www.foursquare.com/v/thomas-caffe/50487ccce4b0d296ecfd3cf7"	"http://data.linkedevents.org/kos/3cixty/bar"
"http://data.linkedevents.org/location/26e3071f-b379-43bc-84f0-cbd70e1393cd/review/fb75def2-0a21-4911-bc1b-43a19bad80b4"	"Typical tobacco bar where you can? bring lunch break. The food? good and service? fast. Customers pi? aficionados are sometimes treated with delicacies from Campania. &quot;"	"https://www.foursquare.com/v/thomas-caffe/50487ccce4b0d296ecfd3cf7"	"http://data.linkedevents.org/kos/foursquare/bar"
"http://data.linkedevents.org/location/647a3fed-368e-4e6e-b5c3-a13684873dc2/review/24166ecd-897e-4388-887e-f8e6ee349f2c"	"Quality ?, hospitality and courtesy &quot;"	"https://www.foursquare.com/v/prestige-non-solo/4f0bff28e4b0dfc434b80159"	"http://data.linkedevents.org/kos/3cixty/salonbarbershop"
"http://data.linkedevents.org/location/647a3fed-368e-4e6e-b5c3-a13684873dc2/review/24166ecd-897e-4388-887e-f8e6ee349f2c"	"Quality ?, hospitality and courtesy &quot;"	"https://www.foursquare.com/v/prestige-non-solo/4f0bff28e4b0dfc434b80159"	"http://data.linkedevents.org/kos/foursquare/salonbarbershop"
"http://data.linkedevents.org/location/647a3fed-368e-4e6e-b5c3-a13684873dc2/review/93220725-e36c-4fa9-ab2d-8e8c12dcd86c"	"Professionalism? guaranteed &quot;"	"https://www.foursquare.com/v/prestige-non-solo/4f0bff28e4b0dfc434b80159"	"http://data.linkedevents.org/kos/3cixty/salonbarbershop"
"http://data.linkedevents.org/location/647a3fed-368e-4e6e-b5c3-a13684873dc2/review/93220725-e36c-4fa9-ab2d-8e8c12dcd86c"	"Professionalism? guaranteed &quot;"	"https://www.foursquare.com/v/prestige-non-solo/4f0bff28e4b0dfc434b80159"	"http://data.linkedevents.org/kos/foursquare/salonbarbershop"
"http://data.linkedevents.org/location/e43a3fbb-a975-4ae8-9e41-965ae5a69ec4/review/68c486af-b640-4ac2-951f-cbb0078fb8d7"	"The only interesting thing? tower ... &quot;"	"https://www.foursquare.com/v/data-center-rozzano/4e2026e21838712abe6327ed"	"http://data.linkedevents.org/kos/3cixty/building"
"http://data.linkedevents.org/location/e43a3fbb-a975-4ae8-9e41-965ae5a69ec4/review/68c486af-b640-4ac2-951f-cbb0078fb8d7"	"The only interesting thing? tower ... &quot;"	"https://www.foursquare.com/v/data-center-rozzano/4e2026e21838712abe6327ed"	"http://data.linkedevents.org/kos/3cixty/office"
"http://data.linkedevents.org/location/e43a3fbb-a975-4ae8-9e41-965ae5a69ec4/review/68c486af-b640-4ac2-951f-cbb0078fb8d7"	"The only interesting thing? tower ... &quot;"	"https://www.foursquare.com/v/data-center-rozzano/4e2026e21838712abe6327ed"	"http://data.linkedevents.org/kos/foursquare/building"
"http://data.linkedevents.org/location/e43a3fbb-a975-4ae8-9e41-965ae5a69ec4/review/68c486af-b640-4ac2-951f-cbb0078fb8d7"	"The only interesting thing? tower ... &quot;"	"https://www.foursquare.com/v/data-center-rozzano/4e2026e21838712abe6327ed"	"http://data.linkedevents.org/kos/foursquare/office"
"http://data.linkedevents.org/location/6ba282c5-e631-4aa1-88bd-952f920d01c2/review/c0492460-5ae8-40ac-b873-6a60e4134f6e"	"Comodo xi certified sports doctors &quot;"	"https://www.foursquare.com/v/delta-medica/4e1a9daf6284ea72470d2bd0"	"http://data.linkedevents.org/kos/foursquare/doctorsoffice"
"http://data.linkedevents.org/location/a404ac44-2d40-4b19-88ed-2968d0a46a29/review/6e3b401c-f41f-42b0-8731-eb478f72dfde"	"WelcomeThe International Church of Milan is a Bible believing English language fellowship established by men and women seeking to know God and to make Him known."	"https://www.foursquare.com/v/icm-international-church-of-milan/4e2be497483bb05f05a3550f"	"http://data.linkedevents.org/kos/foursquare/church"
"http://data.linkedevents.org/location/d99f9dff-2df1-4b38-a260-5b7f9b8e6ff8/review/052ea51a-1cf5-4d39-81f4-90b34f2f92e9"	"Under the arcades. The flowers of bea ago of bouquets extraordinary !!!! &quot;"	"https://www.foursquare.com/v/ponte-sesto-rozzano-mi/4f0b2a60e4b071c5784262ba"	"http://data.linkedevents.org/kos/3cixty/othergreatoutdoors"
"http://data.linkedevents.org/location/d99f9dff-2df1-4b38-a260-5b7f9b8e6ff8/review/052ea51a-1cf5-4d39-81f4-90b34f2f92e9"	"Under the arcades. The flowers of bea ago of bouquets extraordinary !!!! &quot;"	"https://www.foursquare.com/v/ponte-sesto-rozzano-mi/4f0b2a60e4b071c5784262ba"	"http://data.linkedevents.org/kos/foursquare/othergreatoutdoors"
"http://data.linkedevents.org/location/d99f9dff-2df1-4b38-a260-5b7f9b8e6ff8/review/095df33d-c0bd-435d-bbe9-9f4b6544aa1f"	"The ice cream shop? the best of all rozzano !!! &quot;"	"https://www.foursquare.com/v/ponte-sesto-rozzano-mi/4f0b2a60e4b071c5784262ba"	"http://data.linkedevents.org/kos/3cixty/othergreatoutdoors"
"http://data.linkedevents.org/location/d99f9dff-2df1-4b38-a260-5b7f9b8e6ff8/review/095df33d-c0bd-435d-bbe9-9f4b6544aa1f"	"The ice cream shop? the best of all rozzano !!! &quot;"	"https://www.foursquare.com/v/ponte-sesto-rozzano-mi/4f0b2a60e4b071c5784262ba"	"http://data.linkedevents.org/kos/foursquare/othergreatoutdoors"
"http://data.linkedevents.org/location/057753b7-0027-4c9c-80c4-526a473f1a4b/review/20925766-fc76-4030-b36b-a6f4b1899164"	"Claudia Targetti advised me Forsquare &quot;"	"https://www.foursquare.com/v/centro-sportivo-targetti/4cb035b9cbab236a44789e73"	"http://data.linkedevents.org/kos/foursquare/pool"
"http://data.linkedevents.org/location/1ef39401-7859-4ac7-9e83-8851d41c9332/review/66a040c6-3215-4758-8ca1-db079be6e2c5"	"The Calemme! a family that does not easily forget;) &quot;"	"https://www.foursquare.com/v/casa-calm/507db4d1e4b0277b945f765a"	"http://data.linkedevents.org/kos/3cixty/homeprivate"
"http://data.linkedevents.org/location/1ef39401-7859-4ac7-9e83-8851d41c9332/review/66a040c6-3215-4758-8ca1-db079be6e2c5"	"The Calemme! a family that does not easily forget;) &quot;"	"https://www.foursquare.com/v/casa-calm/507db4d1e4b0277b945f765a"	"http://data.linkedevents.org/kos/foursquare/homeprivate"
"http://data.linkedevents.org/location/7a38c1dd-d1c7-4997-9b73-9c0b9a8e1b45/review/d0e45198-fa25-480d-9c0b-08750bfe6348"	"Try pizzas, cakes and pastries! Delicious! &quot;"	"https://www.foursquare.com/v/panificio-pasticceria-cecconello/4da032f5e8a6721e6a1932a5"	"http://data.linkedevents.org/kos/3cixty/pizzaplace"
"http://data.linkedevents.org/location/7a38c1dd-d1c7-4997-9b73-9c0b9a8e1b45/review/d0e45198-fa25-480d-9c0b-08750bfe6348"	"Try pizzas, cakes and pastries! Delicious! &quot;"	"https://www.foursquare.com/v/panificio-pasticceria-cecconello/4da032f5e8a6721e6a1932a5"	"http://data.linkedevents.org/kos/foursquare/pizzaplace"
"http://data.linkedevents.org/location/7a38c1dd-d1c7-4997-9b73-9c0b9a8e1b45/review/e5a98e79-6b76-4876-b7b7-b4c53dca114d"	"Cecconello much stuff !!! &quot;"	"https://www.foursquare.com/v/panificio-pasticceria-cecconello/4da032f5e8a6721e6a1932a5"	"http://data.linkedevents.org/kos/3cixty/pizzaplace"
"http://data.linkedevents.org/location/7a38c1dd-d1c7-4997-9b73-9c0b9a8e1b45/review/e5a98e79-6b76-4876-b7b7-b4c53dca114d"	"Cecconello much stuff !!! &quot;"	"https://www.foursquare.com/v/panificio-pasticceria-cecconello/4da032f5e8a6721e6a1932a5"	"http://data.linkedevents.org/kos/foursquare/pizzaplace"
"http://data.linkedevents.org/location/7a38c1dd-d1c7-4997-9b73-9c0b9a8e1b45/review/ef110818-51cf-47a8-9992-6268011380d4"	"all great! greetings SOLOMODA Rozzano Plus Size &quot;"	"https://www.foursquare.com/v/panificio-pasticceria-cecconello/4da032f5e8a6721e6a1932a5"	"http://data.linkedevents.org/kos/3cixty/pizzaplace"
"http://data.linkedevents.org/location/7a38c1dd-d1c7-4997-9b73-9c0b9a8e1b45/review/ef110818-51cf-47a8-9992-6268011380d4"	"all great! greetings SOLOMODA Rozzano Plus Size &quot;"	"https://www.foursquare.com/v/panificio-pasticceria-cecconello/4da032f5e8a6721e6a1932a5"	"http://data.linkedevents.org/kos/foursquare/pizzaplace"
"http://data.linkedevents.org/location/2083e03a-6ca0-45ba-8602-a27b9964915d/review/c222f0c7-0f41-44a8-b8cb-f77cc84a5c6b"	"Wipe their feet before entering! &quot;"	"https://www.foursquare.com/v/mayos-dwelling/4c135d5cb7b9c9281d6ea937"	"http://data.linkedevents.org/kos/3cixty/homeprivate"
"http://data.linkedevents.org/location/2083e03a-6ca0-45ba-8602-a27b9964915d/review/c222f0c7-0f41-44a8-b8cb-f77cc84a5c6b"	"Wipe their feet before entering! &quot;"	"https://www.foursquare.com/v/mayos-dwelling/4c135d5cb7b9c9281d6ea937"	"http://data.linkedevents.org/kos/foursquare/homeprivate"
"http://data.linkedevents.org/location/5c5f0936-cf3d-46b5-97a7-3af17be691fd/review/d4dae9cf-a0a3-4118-89a5-b53ab84f0b06"	"... Become Mayor of &quot;Saturday market&quot; Sunday ... well, something nn? clear users to foursquare &quot;"	"https://www.foursquare.com/v/mercato-del-sabato--opera/4df32eba22718759f81ef48f"	"http://data.linkedevents.org/kos/3cixty/miscellaneousshop"
"http://data.linkedevents.org/location/5c5f0936-cf3d-46b5-97a7-3af17be691fd/review/d4dae9cf-a0a3-4118-89a5-b53ab84f0b06"	"... Become Mayor of &quot;Saturday market&quot; Sunday ... well, something nn? clear users to foursquare &quot;"	"https://www.foursquare.com/v/mercato-del-sabato--opera/4df32eba22718759f81ef48f"	"http://data.linkedevents.org/kos/foursquare/miscellaneousshop"
"http://data.linkedevents.org/location/9bafdebe-ff98-445e-ac54-9d8a62f2bab9/review/105d0a70-ead0-48d5-bf86-f4f6e1fec888"	"When you lack the hangers you know where to find them! &quot;"	"https://www.foursquare.com/v/bordos-house/4c669c74c2ead13ada18b480"	"http://data.linkedevents.org/kos/3cixty/homeprivate"
"http://data.linkedevents.org/location/9bafdebe-ff98-445e-ac54-9d8a62f2bab9/review/105d0a70-ead0-48d5-bf86-f4f6e1fec888"	"When you lack the hangers you know where to find them! &quot;"	"https://www.foursquare.com/v/bordos-house/4c669c74c2ead13ada18b480"	"http://data.linkedevents.org/kos/foursquare/homeprivate"
"http://data.linkedevents.org/location/32dc867f-af03-4eb9-9863-946c4dba9d53/review/7eb4f94a-51da-477e-9bec-7af259da4978"	"Here you usually eat a pizza really great !! Eh eh !! ; -pp &quot;"	"https://www.foursquare.com/v/mbc-house/4efed05ee5faf2869ad2b543"	"http://data.linkedevents.org/kos/3cixty/homeprivate"
"http://data.linkedevents.org/location/32dc867f-af03-4eb9-9863-946c4dba9d53/review/7eb4f94a-51da-477e-9bec-7af259da4978"	"Here you usually eat a pizza really great !! Eh eh !! ; -pp &quot;"	"https://www.foursquare.com/v/mbc-house/4efed05ee5faf2869ad2b543"	"http://data.linkedevents.org/kos/foursquare/homeprivate"
"http://data.linkedevents.org/location/61f1995a-3041-446d-8774-6fa67eda18c5/review/03added4-dbc5-484e-bc74-73a3d4b85d62"	"although I do not like sushi, this all u can eat deserves !! &quot;"	"https://www.foursquare.com/v/sushiko-milano/50a2ad90e4b0ed37b46d0246"	"http://data.linkedevents.org/kos/3cixty/sushirestaurant"
"http://data.linkedevents.org/location/61f1995a-3041-446d-8774-6fa67eda18c5/review/03added4-dbc5-484e-bc74-73a3d4b85d62"	"although I do not like sushi, this all u can eat deserves !! &quot;"	"https://www.foursquare.com/v/sushiko-milano/50a2ad90e4b0ed37b46d0246"	"http://data.linkedevents.org/kos/foursquare/sushirestaurant"
"http://data.linkedevents.org/location/61f1995a-3041-446d-8774-6fa67eda18c5/review/5706d617-1cec-442d-bd03-4f3c8b8d1054"	"Good and varied! &quot;"	"https://www.foursquare.com/v/sushiko-milano/50a2ad90e4b0ed37b46d0246"	"http://data.linkedevents.org/kos/3cixty/sushirestaurant"
"http://data.linkedevents.org/location/61f1995a-3041-446d-8774-6fa67eda18c5/review/5706d617-1cec-442d-bd03-4f3c8b8d1054"	"Good and varied! &quot;"	"https://www.foursquare.com/v/sushiko-milano/50a2ad90e4b0ed37b46d0246"	"http://data.linkedevents.org/kos/foursquare/sushirestaurant"
"http://data.linkedevents.org/location/61f1995a-3041-446d-8774-6fa67eda18c5/review/cbd99779-b6cc-4c28-9fdc-05e72ab0d53d"	"If? passing it is worth to stop but go on purpose no &quot;"	"https://www.foursquare.com/v/sushiko-milano/50a2ad90e4b0ed37b46d0246"	"http://data.linkedevents.org/kos/3cixty/sushirestaurant"
"http://data.linkedevents.org/location/61f1995a-3041-446d-8774-6fa67eda18c5/review/cbd99779-b6cc-4c28-9fdc-05e72ab0d53d"	"If? passing it is worth to stop but go on purpose no &quot;"	"https://www.foursquare.com/v/sushiko-milano/50a2ad90e4b0ed37b46d0246"	"http://data.linkedevents.org/kos/foursquare/sushirestaurant"
"http://data.linkedevents.org/location/61f1995a-3041-446d-8774-6fa67eda18c5/review/d795ed55-74b5-4414-92b0-a3dbfa65f911"	"To me? loved it! The sushi was very good and also the sashimi was fresh. Ate like pigs with the all you can eat! A Quality very good price! &quot;"	"https://www.foursquare.com/v/sushiko-milano/50a2ad90e4b0ed37b46d0246"	"http://data.linkedevents.org/kos/3cixty/sushirestaurant"
"http://data.linkedevents.org/location/61f1995a-3041-446d-8774-6fa67eda18c5/review/d795ed55-74b5-4414-92b0-a3dbfa65f911"	"To me? loved it! The sushi was very good and also the sashimi was fresh. Ate like pigs with the all you can eat! A Quality very good price! &quot;"	"https://www.foursquare.com/v/sushiko-milano/50a2ad90e4b0ed37b46d0246"	"http://data.linkedevents.org/kos/foursquare/sushirestaurant"
"http://data.linkedevents.org/location/899c7ae2-9739-4936-a7cb-1fed59d06789/review/1f306c0a-ed35-46ad-999a-8aa55b37b04d"	"Strange !!! The granbrico opens at 9:30 ...... &quot;"	"https://www.foursquare.com/v/granbrico/4d0dce3f1f6bf04d8d907f31"	"http://data.linkedevents.org/kos/3cixty/hobbyshop"
"http://data.linkedevents.org/location/899c7ae2-9739-4936-a7cb-1fed59d06789/review/1f306c0a-ed35-46ad-999a-8aa55b37b04d"	"Strange !!! The granbrico opens at 9:30 ...... &quot;"	"https://www.foursquare.com/v/granbrico/4d0dce3f1f6bf04d8d907f31"	"http://data.linkedevents.org/kos/foursquare/hobbyshop"
"http://data.linkedevents.org/location/b5cff2c6-896c-4617-acd8-00716b89ef09/review/169e0481-621a-4cfb-8233-74639fdef760"	"Lots of items on sale, the salmon is cheaper here than carrefour!"	"https://www.foursquare.com/v/esselunga/4d0bae876c51a14346e7ab35"	"http://data.linkedevents.org/kos/foursquare/supermarket"
"http://data.linkedevents.org/location/b5cff2c6-896c-4617-acd8-00716b89ef09/review/380130ad-581d-4085-ad30-c7f612178ffa"	"If you shoot the rereading to prestospesa not smadonnate please !! Think of the 20 extra points that you will receive;) &quot;"	"https://www.foursquare.com/v/esselunga/4d0bae876c51a14346e7ab35"	"http://data.linkedevents.org/kos/foursquare/supermarket"
"http://data.linkedevents.org/location/b5cff2c6-896c-4617-acd8-00716b89ef09/review/6f7987a4-ed68-4c38-b7e5-93e6d9af28f9"	"It records the card to early spending from Mon to Fri and only xon identity card? dell&#39;intestatario the card &quot;"	"https://www.foursquare.com/v/esselunga/4d0bae876c51a14346e7ab35"	"http://data.linkedevents.org/kos/foursquare/supermarket"
"http://data.linkedevents.org/location/492c918e-a550-463f-8ec4-938ade30ee19/review/ad61b7e9-b0d6-4014-819a-51b51a566113"	"All refurbished &quot;"	"https://www.foursquare.com/v/grancasa/4d185b70816af04d038955c2"	"http://data.linkedevents.org/kos/3cixty/mall"
"http://data.linkedevents.org/location/492c918e-a550-463f-8ec4-938ade30ee19/review/ad61b7e9-b0d6-4014-819a-51b51a566113"	"All refurbished &quot;"	"https://www.foursquare.com/v/grancasa/4d185b70816af04d038955c2"	"http://data.linkedevents.org/kos/foursquare/mall"
"http://data.linkedevents.org/location/96d4b3eb-36ac-43d8-a925-d8ac3ffba057/review/b64f929d-2bc9-4331-9ab1-c3779976c7e3"	"Choice of new and used video games in the media &quot;"	"https://www.foursquare.com/v/gamestop-cupole/4f2eb52fe4b062ad2c53d65b"	"http://data.linkedevents.org/kos/3cixty/videogamestore"
"http://data.linkedevents.org/location/96d4b3eb-36ac-43d8-a925-d8ac3ffba057/review/b64f929d-2bc9-4331-9ab1-c3779976c7e3"	"Choice of new and used video games in the media &quot;"	"https://www.foursquare.com/v/gamestop-cupole/4f2eb52fe4b062ad2c53d65b"	"http://data.linkedevents.org/kos/foursquare/videogamestore"
"http://data.linkedevents.org/location/0119b565-f2f5-489b-9639-326bd075dbe0/review/cf9e9065-7659-42c4-8bee-332ba6aed092"	"Power Performance Nutrition Supplements and Nature&#39;s Best at discounted prices. Not to be missed! &quot;"	"https://www.foursquare.com/v/gns--power-performance-nutrition/4f3d0536e4b0a8ba8f44466d"	"http://data.linkedevents.org/kos/3cixty/factory"
"http://data.linkedevents.org/location/0119b565-f2f5-489b-9639-326bd075dbe0/review/cf9e9065-7659-42c4-8bee-332ba6aed092"	"Power Performance Nutrition Supplements and Nature&#39;s Best at discounted prices. Not to be missed! &quot;"	"https://www.foursquare.com/v/gns--power-performance-nutrition/4f3d0536e4b0a8ba8f44466d"	"http://data.linkedevents.org/kos/foursquare/factory"
"http://data.linkedevents.org/location/14ae3d5e-6a18-4559-8ee6-cd6df2eef8c7/review/cb5ecefb-5dcb-487b-82a6-f7dedebccdc2"	"W la SATINOX &quot;"	"https://www.foursquare.com/v/vigano-gaggiano-milano/4ea17ec48b81a02f892b44b3"	"http://data.linkedevents.org/kos/foursquare/city"
"http://data.linkedevents.org/location/4d854abf-b2eb-44d0-8623-461de1eae4a7/review/4e2ce0c6-b5d5-46c1-b132-b8a27f53d529"	"Your looming and &#39;near the exit, take advantage of it. &quot;"	"https://www.foursquare.com/v/satinox/4fcc609de4b09e8af8cf0142"	"http://data.linkedevents.org/kos/3cixty/factory"
"http://data.linkedevents.org/location/4d854abf-b2eb-44d0-8623-461de1eae4a7/review/4e2ce0c6-b5d5-46c1-b132-b8a27f53d529"	"Your looming and &#39;near the exit, take advantage of it. &quot;"	"https://www.foursquare.com/v/satinox/4fcc609de4b09e8af8cf0142"	"http://data.linkedevents.org/kos/foursquare/factory"
"http://data.linkedevents.org/location/a3108fcd-56f4-4fb7-b9c9-4cc902a9c66c/review/9a2ea890-b74c-478c-aff1-ffc6c4fa13a9"	"Change the couriers; and maybe take them on time reliable &quot;"	"https://www.foursquare.com/v/hermes-italia/504732607043c9b1023d73c8"	"http://data.linkedevents.org/kos/3cixty/postoffice"
"http://data.linkedevents.org/location/a3108fcd-56f4-4fb7-b9c9-4cc902a9c66c/review/9a2ea890-b74c-478c-aff1-ffc6c4fa13a9"	"Change the couriers; and maybe take them on time reliable &quot;"	"https://www.foursquare.com/v/hermes-italia/504732607043c9b1023d73c8"	"http://data.linkedevents.org/kos/foursquare/postoffice"
"http://data.linkedevents.org/location/bb2b0964-5dcb-4554-bb13-1ce5ad292a28/review/6f56700f-bd49-4088-b5ec-5648ae73347d"	"Seasonal fruit &quot;"	"https://www.foursquare.com/v/frutir%C3%B3/4fcdbcb6e4b0589b09807fd8"	"http://data.linkedevents.org/kos/3cixty/saladplace"
"http://data.linkedevents.org/location/bb2b0964-5dcb-4554-bb13-1ce5ad292a28/review/6f56700f-bd49-4088-b5ec-5648ae73347d"	"Seasonal fruit &quot;"	"https://www.foursquare.com/v/frutir%C3%B3/4fcdbcb6e4b0589b09807fd8"	"http://data.linkedevents.org/kos/foursquare/saladplace"
"http://data.linkedevents.org/location/1ed249b4-0c44-4674-975e-9ed4b1bacc65/review/1cb75dc2-802a-4080-aa9d-a8abc6fb7eab"	"Only place nearby to get (in addition to the post office) your recharges Postepay and also enjoy an excellent Caff? :) &quot;"	"https://www.foursquare.com/v/bar-cremeria-au-grain-dor%C3%A8-da-rini-a/50a75c0fe4b0497d759f1de8"	"http://data.linkedevents.org/kos/3cixty/cafe"
"http://data.linkedevents.org/location/1ed249b4-0c44-4674-975e-9ed4b1bacc65/review/1cb75dc2-802a-4080-aa9d-a8abc6fb7eab"	"Only place nearby to get (in addition to the post office) your recharges Postepay and also enjoy an excellent Caff? :) &quot;"	"https://www.foursquare.com/v/bar-cremeria-au-grain-dor%C3%A8-da-rini-a/50a75c0fe4b0497d759f1de8"	"http://data.linkedevents.org/kos/foursquare/cafe"
"http://data.linkedevents.org/location/7e7f1f48-cd95-48ff-a9dc-1d09151f9d73/review/592a02f9-95e9-47f9-ace2-49a5284c3a2d"	"The taste Morettino? fantastic! &quot;"	"https://www.foursquare.com/v/squisito-doc/4f6f36efe4b0a4e21138e4aa"	"http://data.linkedevents.org/kos/3cixty/icecreamshop"
"http://data.linkedevents.org/location/7e7f1f48-cd95-48ff-a9dc-1d09151f9d73/review/592a02f9-95e9-47f9-ace2-49a5284c3a2d"	"The taste Morettino? fantastic! &quot;"	"https://www.foursquare.com/v/squisito-doc/4f6f36efe4b0a4e21138e4aa"	"http://data.linkedevents.org/kos/foursquare/icecreamshop"
"http://data.linkedevents.org/location/d75e1ff1-deec-4a9f-b5da-171fa8acf5b8/review/ab5c7174-2f92-4a64-93d5-57f55c6c1aa2"	"Good coffee, &#39;friendliness&#39; and sympathy &quot;"	"https://www.foursquare.com/v/bar-pausa-caff%C3%A8/4f0479b90aafe497fdd9e4b7"	"http://data.linkedevents.org/kos/3cixty/cafe"
"http://data.linkedevents.org/location/d75e1ff1-deec-4a9f-b5da-171fa8acf5b8/review/ab5c7174-2f92-4a64-93d5-57f55c6c1aa2"	"Good coffee, &#39;friendliness&#39; and sympathy &quot;"	"https://www.foursquare.com/v/bar-pausa-caff%C3%A8/4f0479b90aafe497fdd9e4b7"	"http://data.linkedevents.org/kos/foursquare/cafe"
"http://data.linkedevents.org/location/f18c0e0f-2fbd-4460-8e3e-f541dfb971bb/review/c72473a8-e1b1-43b5-9bb2-b1c6c1ef58b3"	"Despite its name? primarily a pizza takeaway. &quot;"	"https://www.foursquare.com/v/nikolas-pub/4da8211793a021ab13c1d607"	"http://data.linkedevents.org/kos/3cixty/pub"
"http://data.linkedevents.org/location/f18c0e0f-2fbd-4460-8e3e-f541dfb971bb/review/c72473a8-e1b1-43b5-9bb2-b1c6c1ef58b3"	"Despite its name? primarily a pizza takeaway. &quot;"	"https://www.foursquare.com/v/nikolas-pub/4da8211793a021ab13c1d607"	"http://data.linkedevents.org/kos/foursquare/pub"
"http://data.linkedevents.org/location/f18c0e0f-2fbd-4460-8e3e-f541dfb971bb/review/c78d04b1-5d11-400c-9dbd-efe603821388"	"The best place to spend evenings with friends &quot;"	"https://www.foursquare.com/v/nikolas-pub/4da8211793a021ab13c1d607"	"http://data.linkedevents.org/kos/3cixty/pub"
"http://data.linkedevents.org/location/f18c0e0f-2fbd-4460-8e3e-f541dfb971bb/review/c78d04b1-5d11-400c-9dbd-efe603821388"	"The best place to spend evenings with friends &quot;"	"https://www.foursquare.com/v/nikolas-pub/4da8211793a021ab13c1d607"	"http://data.linkedevents.org/kos/foursquare/pub"
